[
  {
    "id": "d2e1fe52-12be-4fce-98f8-13901edb2a94",
    "data": [
      {
        "text": "book a train ticket",
        "userDefined": false
      }
    ],
    "isTemplate": false,
    "count": 0,
    "lang": "en",
    "updated": 0
  },
  {
    "id": "eef764e4-d794-43ae-971f-5e1e2a954ca3",
    "data": [
      {
        "text": "book train",
        "userDefined": false
      }
    ],
    "isTemplate": false,
    "count": 0,
    "lang": "en",
    "updated": 0
  },
  {
    "id": "1c853d52-dae9-4b67-963d-0d91ddd6d8fa",
    "data": [
      {
        "text": "book a train",
        "userDefined": false
      }
    ],
    "isTemplate": false,
    "count": 0,
    "lang": "en",
    "updated": 0
  }
]