[
  {
    "id": "9b829eac-0aa0-499e-93ef-963318c27117",
    "data": [
      {
        "text": "entering date",
        "userDefined": false
      }
    ],
    "isTemplate": false,
    "count": 0,
    "lang": "en",
    "updated": 0
  },
  {
    "id": "5ef49198-9b3e-4a89-918d-ef4da01f00d9",
    "data": [
      {
        "text": "manually enter date",
        "userDefined": false
      }
    ],
    "isTemplate": false,
    "count": 0,
    "lang": "en",
    "updated": 0
  },
  {
    "id": "9cf6ddba-8cdd-4471-9861-d0be59ff1e8e",
    "data": [
      {
        "text": "enter date",
        "userDefined": false
      }
    ],
    "isTemplate": false,
    "count": 0,
    "lang": "en",
    "updated": 0
  }
]