[
  {
    "id": "2d222068-22e2-4e91-a5f1-c6da593e532e",
    "data": [
      {
        "text": "book a train from ",
        "userDefined": false
      },
      {
        "text": "delhi",
        "meta": "@sys.geo-city",
        "alias": "Origin",
        "userDefined": false
      }
    ],
    "isTemplate": false,
    "count": 0,
    "lang": "en",
    "updated": 0
  },
  {
    "id": "76414b18-653d-4880-b746-1d14f75fe3fc",
    "data": [
      {
        "text": "book a train from ",
        "userDefined": false
      },
      {
        "text": "mumbai",
        "meta": "@sys.geo-city",
        "alias": "Origin",
        "userDefined": false
      }
    ],
    "isTemplate": false,
    "count": 0,
    "lang": "en",
    "updated": 0
  },
  {
    "id": "787627d0-2a1c-4f1f-9e1b-22741e66abc2",
    "data": [
      {
        "text": "book a train ticket from ",
        "userDefined": false
      },
      {
        "text": "pune",
        "meta": "@sys.geo-city",
        "alias": "Origin",
        "userDefined": false
      }
    ],
    "isTemplate": false,
    "count": 0,
    "lang": "en",
    "updated": 0
  },
  {
    "id": "dc9aa70f-2fe9-466e-9b55-938851126d7d",
    "data": [
      {
        "text": "book a train from ",
        "userDefined": false
      },
      {
        "text": "pune",
        "meta": "@sys.geo-city",
        "alias": "Origin",
        "userDefined": false
      }
    ],
    "isTemplate": false,
    "count": 0,
    "lang": "en",
    "updated": 0
  }
]