[
  {
    "id": "f4bf04c4-be08-418a-9b0c-74d5b1ac3364",
    "data": [
      {
        "text": "tomorrow",
        "meta": "@sys.date",
        "alias": "TravelDate",
        "userDefined": false
      }
    ],
    "isTemplate": false,
    "count": 0,
    "lang": "en",
    "updated": 0
  },
  {
    "id": "d194a8cb-fba2-4880-86aa-d401461e14c8",
    "data": [
      {
        "text": "18 february",
        "meta": "@sys.date",
        "alias": "TravelDate",
        "userDefined": true
      }
    ],
    "isTemplate": false,
    "count": 0,
    "lang": "en",
    "updated": 0
  },
  {
    "id": "8b5284db-94e3-43d6-b8da-e9c2b1d4bcb7",
    "data": [
      {
        "text": "18 february 2023",
        "meta": "@sys.date",
        "alias": "TravelDate",
        "userDefined": false
      }
    ],
    "isTemplate": false,
    "count": 0,
    "lang": "en",
    "updated": 0
  },
  {
    "id": "4de94d3a-e504-495c-b23e-7d250da32e73",
    "data": [
      {
        "text": "feb 18",
        "meta": "@sys.date",
        "alias": "TravelDate",
        "userDefined": false
      }
    ],
    "isTemplate": false,
    "count": 0,
    "lang": "en",
    "updated": 0
  },
  {
    "id": "6c8638a0-ec08-497e-9523-3fbaa6e76b1e",
    "data": [
      {
        "text": "18 feb",
        "meta": "@sys.date",
        "alias": "TravelDate",
        "userDefined": false
      }
    ],
    "isTemplate": false,
    "count": 0,
    "lang": "en",
    "updated": 0
  },
  {
    "id": "b91e6bef-8406-42f7-b61d-9974e817d653",
    "data": [
      {
        "text": "3 days after today",
        "meta": "@sys.date",
        "alias": "TravelDate",
        "userDefined": false
      }
    ],
    "isTemplate": false,
    "count": 0,
    "lang": "en",
    "updated": 0
  },
  {
    "id": "edad5643-75f8-41d8-9016-b9bf52e84561",
    "data": [
      {
        "text": "today",
        "meta": "@sys.date",
        "alias": "TravelDate",
        "userDefined": false
      }
    ],
    "isTemplate": false,
    "count": 0,
    "lang": "en",
    "updated": 0
  }
]