[
  {
    "id": "7d70ac10-5368-4d2a-a280-b91ebc3df40f",
    "data": [
      {
        "text": "delhi",
        "meta": "@sys.geo-city",
        "alias": "Origin",
        "userDefined": false
      }
    ],
    "isTemplate": false,
    "count": 0,
    "lang": "en",
    "updated": 0
  },
  {
    "id": "a17b1bef-bc2b-42aa-ad91-18b2f2ba5cdb",
    "data": [
      {
        "text": "mumbai",
        "meta": "@sys.geo-city",
        "alias": "Origin",
        "userDefined": false
      }
    ],
    "isTemplate": false,
    "count": 0,
    "lang": "en",
    "updated": 0
  },
  {
    "id": "bced998b-00ae-405a-9dc3-7cb84998b1f2",
    "data": [
      {
        "text": "pune",
        "meta": "@sys.geo-city",
        "alias": "Origin",
        "userDefined": false
      }
    ],
    "isTemplate": false,
    "count": 0,
    "lang": "en",
    "updated": 0
  }
]