[
  {
    "id": "90d5b5f5-bbba-41a0-8524-73de862373c8",
    "data": [
      {
        "text": "change dest go to ",
        "userDefined": false
      },
      {
        "text": "1",
        "userDefined": false
      }
    ],
    "isTemplate": false,
    "count": 0,
    "lang": "en",
    "updated": 0
  },
  {
    "id": "22cae3ca-d388-4a85-91d5-39c88c452ca3",
    "data": [
      {
        "text": "change destination (go to ",
        "userDefined": false
      },
      {
        "text": "1",
        "userDefined": false
      },
      {
        "text": ")",
        "userDefined": false
      }
    ],
    "isTemplate": false,
    "count": 0,
    "lang": "en",
    "updated": 0
  },
  {
    "id": "889c9373-31d0-42a2-89d2-b64841c94725",
    "data": [
      {
        "text": "change destination go to ",
        "userDefined": false
      },
      {
        "text": "1",
        "userDefined": false
      }
    ],
    "isTemplate": false,
    "count": 0,
    "lang": "en",
    "updated": 0
  },
  {
    "id": "fb54d6ba-6cc3-4e92-9566-381b7f17ebef",
    "data": [
      {
        "text": "go to ",
        "userDefined": false
      },
      {
        "text": "1",
        "userDefined": false
      }
    ],
    "isTemplate": false,
    "count": 0,
    "lang": "en",
    "updated": 0
  },
  {
    "id": "7d477475-a502-447b-859f-468496aff548",
    "data": [
      {
        "text": "destination is ",
        "userDefined": false
      },
      {
        "text": "mumbai",
        "meta": "@sys.geo-city",
        "alias": "Destination",
        "userDefined": false
      }
    ],
    "isTemplate": false,
    "count": 0,
    "lang": "en",
    "updated": 0
  },
  {
    "id": "92038390-aee2-4848-9276-0dda5a85a431",
    "data": [
      {
        "text": "destination is ",
        "userDefined": false
      },
      {
        "text": "pune",
        "meta": "@sys.geo-city",
        "alias": "Destination",
        "userDefined": false
      }
    ],
    "isTemplate": false,
    "count": 0,
    "lang": "en",
    "updated": 0
  },
  {
    "id": "5e9a683a-3ea7-4b22-9fda-082bde1a8eda",
    "data": [
      {
        "text": "delhi",
        "meta": "@sys.geo-city",
        "alias": "Destination",
        "userDefined": false
      }
    ],
    "isTemplate": false,
    "count": 0,
    "lang": "en",
    "updated": 0
  },
  {
    "id": "c7fa2821-bbf7-474f-9835-567eeb0f348d",
    "data": [
      {
        "text": "mumbai",
        "meta": "@sys.geo-city",
        "alias": "Destination",
        "userDefined": false
      }
    ],
    "isTemplate": false,
    "count": 0,
    "lang": "en",
    "updated": 0
  },
  {
    "id": "e447c538-41ac-4b6f-bf97-887a3fbef850",
    "data": [
      {
        "text": "pune",
        "meta": "@sys.geo-city",
        "alias": "Destination",
        "userDefined": false
      }
    ],
    "isTemplate": false,
    "count": 0,
    "lang": "en",
    "updated": 0
  }
]