[
  {
    "id": "9a2efbe8-af38-4466-81d9-9e798b62367b",
    "data": [
      {
        "text": "3AC",
        "meta": "@TravelClass",
        "alias": "TravelClass",
        "userDefined": true
      }
    ],
    "isTemplate": false,
    "count": 0,
    "lang": "en",
    "updated": 0
  },
  {
    "id": "a3a60a8b-d93c-4c5a-b68f-9daff5c3aff4",
    "data": [
      {
        "text": "2AC",
        "meta": "@TravelClass",
        "alias": "TravelClass",
        "userDefined": true
      }
    ],
    "isTemplate": false,
    "count": 0,
    "lang": "en",
    "updated": 0
  },
  {
    "id": "f3cec4ed-88ef-4c46-9305-ec8874bab90d",
    "data": [
      {
        "text": "1AC",
        "meta": "@TravelClass",
        "alias": "TravelClass",
        "userDefined": true
      }
    ],
    "isTemplate": false,
    "count": 0,
    "lang": "en",
    "updated": 0
  },
  {
    "id": "9f4f3b57-af04-4e10-b497-d0d6b42b8263",
    "data": [
      {
        "text": "EC",
        "meta": "@TravelClass",
        "alias": "TravelClass",
        "userDefined": true
      }
    ],
    "isTemplate": false,
    "count": 0,
    "lang": "en",
    "updated": 0
  }
]