[
  {
    "id": "f09d5dde-3f05-4acd-bd4c-2e3830b1b280",
    "data": [
      {
        "text": "book a train to ",
        "userDefined": false
      },
      {
        "text": "delhi",
        "meta": "@sys.geo-city",
        "alias": "Destination",
        "userDefined": false
      }
    ],
    "isTemplate": false,
    "count": 0,
    "lang": "en",
    "updated": 0
  },
  {
    "id": "1b9a86a8-0ab0-4cbe-98f7-4a00ac1cd074",
    "data": [
      {
        "text": "book a train ticket to ",
        "userDefined": false
      },
      {
        "text": "mumbai",
        "meta": "@sys.geo-city",
        "alias": "Destination",
        "userDefined": false
      }
    ],
    "isTemplate": false,
    "count": 0,
    "lang": "en",
    "updated": 0
  },
  {
    "id": "d641c5bc-f754-40b2-9f56-57559489e8f0",
    "data": [
      {
        "text": "book a train to ",
        "userDefined": false
      },
      {
        "text": "pune",
        "meta": "@sys.geo-city",
        "alias": "Destination",
        "userDefined": false
      }
    ],
    "isTemplate": false,
    "count": 0,
    "lang": "en",
    "updated": 0
  }
]