[
  {
    "id": "e81e16ab-add4-4faf-9525-6443ad9afe32",
    "data": [
      {
        "text": "one",
        "userDefined": false
      }
    ],
    "isTemplate": false,
    "count": 0,
    "lang": "en",
    "updated": 0
  },
  {
    "id": "fba1f805-55fe-4a7c-a755-98cf447e9efe",
    "data": [
      {
        "text": "1",
        "userDefined": false
      }
    ],
    "isTemplate": false,
    "count": 0,
    "lang": "en",
    "updated": 0
  },
  {
    "id": "1e67a73a-ab96-4f8d-b713-421af6e7cfee",
    "data": [
      {
        "text": "go to ",
        "userDefined": false
      },
      {
        "text": "1",
        "userDefined": false
      }
    ],
    "isTemplate": false,
    "count": 0,
    "lang": "en",
    "updated": 0
  },
  {
    "id": "30b843cd-4826-428d-89be-53b13aa8bda1",
    "data": [
      {
        "text": "change ",
        "userDefined": false
      },
      {
        "text": "dest",
        "userDefined": false
      }
    ],
    "isTemplate": false,
    "count": 0,
    "lang": "en",
    "updated": 0
  },
  {
    "id": "24ed6e47-542f-4233-8b73-64d2ecab1883",
    "data": [
      {
        "text": "change destination",
        "userDefined": false
      }
    ],
    "isTemplate": false,
    "count": 0,
    "lang": "en",
    "updated": 0
  },
  {
    "id": "a6c222a3-dae9-49ba-8928-881e9c3d1793",
    "data": [
      {
        "text": "change destination (go to ",
        "userDefined": false
      },
      {
        "text": "1",
        "userDefined": false
      },
      {
        "text": ")",
        "userDefined": false
      }
    ],
    "isTemplate": false,
    "count": 0,
    "lang": "en",
    "updated": 0
  }
]