[
  {
    "id": "0a8835d2-502f-45d1-abde-a4f6683ef85d",
    "data": [
      {
        "text": "origin is ",
        "userDefined": false
      },
      {
        "text": "pune",
        "meta": "@sys.geo-city",
        "alias": "Origin",
        "userDefined": false
      }
    ],
    "isTemplate": false,
    "count": 0,
    "lang": "en",
    "updated": 0
  },
  {
    "id": "5d354313-6dc4-42a9-bb50-6b8170cecc5e",
    "data": [
      {
        "text": "origin is ",
        "userDefined": false
      },
      {
        "text": "mumbai",
        "meta": "@sys.geo-city",
        "alias": "Origin",
        "userDefined": false
      }
    ],
    "isTemplate": false,
    "count": 0,
    "lang": "en",
    "updated": 0
  },
  {
    "id": "260e8853-de39-448b-a0e4-6d9f60c465c0",
    "data": [
      {
        "text": "origin is ",
        "userDefined": false
      },
      {
        "text": "delhi",
        "meta": "@sys.geo-city",
        "alias": "Origin",
        "userDefined": false
      }
    ],
    "isTemplate": false,
    "count": 0,
    "lang": "en",
    "updated": 0
  },
  {
    "id": "f09c3c8d-70f2-4df6-92e1-3320db3755cd",
    "data": [
      {
        "text": "delhi",
        "meta": "@sys.geo-city",
        "alias": "Origin",
        "userDefined": false
      }
    ],
    "isTemplate": false,
    "count": 0,
    "lang": "en",
    "updated": 0
  },
  {
    "id": "45ed0f27-464b-420d-813b-e62624a0a015",
    "data": [
      {
        "text": "mumbai",
        "meta": "@sys.geo-city",
        "alias": "Origin",
        "userDefined": false
      }
    ],
    "isTemplate": false,
    "count": 0,
    "lang": "en",
    "updated": 0
  },
  {
    "id": "027bee0f-bb0c-4069-9523-de3d1115ac81",
    "data": [
      {
        "text": "pune",
        "meta": "@sys.geo-city",
        "alias": "Origin",
        "userDefined": false
      }
    ],
    "isTemplate": false,
    "count": 0,
    "lang": "en",
    "updated": 0
  }
]