[
  {
    "id": "94403a20-0d35-48cc-b498-9e0afdfbd271",
    "data": [
      {
        "text": "rent ",
        "userDefined": false
      },
      {
        "text": "a",
        "userDefined": false
      },
      {
        "text": " car",
        "userDefined": false
      }
    ],
    "isTemplate": false,
    "count": 0,
    "lang": "en",
    "updated": 0
  },
  {
    "id": "c16bea28-f172-4595-b1ae-29db62f0ccf1",
    "data": [
      {
        "text": "rent car",
        "userDefined": false
      }
    ],
    "isTemplate": false,
    "count": 0,
    "lang": "en",
    "updated": 0
  }
]