[
  {
    "id": "f79467d3-2dcc-4b06-9f59-2dcacfc9f465",
    "data": [
      {
        "text": "honda crv",
        "meta": "@Car",
        "alias": "CarName",
        "userDefined": true
      }
    ],
    "isTemplate": false,
    "count": 0,
    "lang": "en",
    "updated": 0
  },
  {
    "id": "e7d5dd52-32d6-4233-b2ef-e99ad5dc07be",
    "data": [
      {
        "text": "ford mondeo",
        "meta": "@Car",
        "alias": "CarName",
        "userDefined": true
      }
    ],
    "isTemplate": false,
    "count": 0,
    "lang": "en",
    "updated": 0
  }
]