[
  {
    "id": "405bf9fa-c9a3-4bf7-a00e-e34e7c5274d5",
    "data": [
      {
        "text": "feb 18",
        "meta": "@sys.date",
        "alias": "RentCarDate",
        "userDefined": false
      }
    ],
    "isTemplate": false,
    "count": 0,
    "lang": "en",
    "updated": 0
  },
  {
    "id": "5cf96f9b-0b26-4b71-87d1-e8be1f986b19",
    "data": [
      {
        "text": "18th feb",
        "meta": "@sys.date",
        "alias": "RentCarDate",
        "userDefined": false
      }
    ],
    "isTemplate": false,
    "count": 0,
    "lang": "en",
    "updated": 0
  },
  {
    "id": "0827a794-4996-4150-b719-8572fe8804b4",
    "data": [
      {
        "text": "tomorrow",
        "meta": "@sys.date",
        "alias": "RentCarDate",
        "userDefined": false
      }
    ],
    "isTemplate": false,
    "count": 0,
    "lang": "en",
    "updated": 0
  },
  {
    "id": "96a88231-8e83-45ac-b07f-3ebf146d3d6b",
    "data": [
      {
        "text": "today",
        "meta": "@sys.date",
        "alias": "RentCarDate",
        "userDefined": false
      }
    ],
    "isTemplate": false,
    "count": 0,
    "lang": "en",
    "updated": 0
  }
]