[
  {
    "id": "5b7a756e-2499-4555-89c6-42226b3934d1",
    "data": [
      {
        "text": "tata altroz",
        "meta": "@Car",
        "alias": "CarName",
        "userDefined": false
      }
    ],
    "isTemplate": false,
    "count": 0,
    "lang": "en",
    "updated": 0
  },
  {
    "id": "d8f8d3b1-914f-40c8-90e9-210c0a4c72b7",
    "data": [
      {
        "text": "honda civic",
        "meta": "@Car",
        "alias": "CarName",
        "userDefined": false
      }
    ],
    "isTemplate": false,
    "count": 0,
    "lang": "en",
    "updated": 0
  }
]