[
  {
    "id": "00cbf14f-9474-4136-9196-cb78bd73fdf6",
    "data": [
      {
        "text": "destination is ",
        "userDefined": false
      },
      {
        "text": "pune",
        "meta": "@sys.geo-city",
        "alias": "Destination",
        "userDefined": false
      }
    ],
    "isTemplate": false,
    "count": 0,
    "lang": "en",
    "updated": 0
  },
  {
    "id": "27b05169-7ccf-4377-b5d3-9f1e7b36dd25",
    "data": [
      {
        "text": "mumbai",
        "meta": "@sys.geo-city",
        "alias": "Destination",
        "userDefined": false
      }
    ],
    "isTemplate": false,
    "count": 0,
    "lang": "en",
    "updated": 0
  },
  {
    "id": "96b9f32d-4607-4c34-978e-c7fe77fe429d",
    "data": [
      {
        "text": "pune",
        "meta": "@sys.geo-city",
        "alias": "Destination",
        "userDefined": false
      }
    ],
    "isTemplate": false,
    "count": 0,
    "lang": "en",
    "updated": 0
  }
]