[
  {
    "id": "5c47920f-b496-4538-a2e1-f202e0dd96ee",
    "data": [
      {
        "text": "car rent location is ",
        "userDefined": false
      },
      {
        "text": "delhi",
        "meta": "@sys.geo-city",
        "alias": "RentCarLocation",
        "userDefined": false
      }
    ],
    "isTemplate": false,
    "count": 0,
    "lang": "en",
    "updated": 0
  },
  {
    "id": "42beb266-0541-4969-93af-3d8bf0b57d8d",
    "data": [
      {
        "text": "destination is ",
        "userDefined": false
      },
      {
        "text": "mumbai",
        "meta": "@sys.geo-city",
        "alias": "RentCarLocation",
        "userDefined": false
      }
    ],
    "isTemplate": false,
    "count": 0,
    "lang": "en",
    "updated": 0
  },
  {
    "id": "3f4690e8-d599-4a1b-a2ed-d18451230915",
    "data": [
      {
        "text": "location is ",
        "userDefined": false
      },
      {
        "text": "pune",
        "meta": "@sys.geo-city",
        "alias": "RentCarLocation",
        "userDefined": false
      }
    ],
    "isTemplate": false,
    "count": 0,
    "lang": "en",
    "updated": 0
  },
  {
    "id": "b2d978d6-3960-4b20-afcd-c0d2490ab26d",
    "data": [
      {
        "text": "delhi",
        "meta": "@sys.geo-city",
        "alias": "RentCarLocation",
        "userDefined": false
      }
    ],
    "isTemplate": false,
    "count": 0,
    "lang": "en",
    "updated": 0
  },
  {
    "id": "7879ac59-b0fb-43c1-9740-75420402927a",
    "data": [
      {
        "text": "pune",
        "meta": "@sys.geo-city",
        "alias": "RentCarLocation",
        "userDefined": false
      }
    ],
    "isTemplate": false,
    "count": 0,
    "lang": "en",
    "updated": 0
  },
  {
    "id": "341bdd7c-20c9-470c-891f-6d8825db5ab4",
    "data": [
      {
        "text": "mumbai",
        "meta": "@sys.geo-city",
        "alias": "RentCarLocation",
        "userDefined": false
      }
    ],
    "isTemplate": false,
    "count": 0,
    "lang": "en",
    "updated": 0
  }
]