[
  {
    "id": "e60b264e-a01b-4750-b6cb-e4d9c0895fe3",
    "data": [
      {
        "text": "ford mondeo",
        "meta": "@sys.any",
        "alias": "CarName",
        "userDefined": true
      }
    ],
    "isTemplate": false,
    "count": 0,
    "lang": "en",
    "updated": 0
  },
  {
    "id": "d8f8d3b1-914f-40c8-90e9-210c0a4c72b7",
    "data": [
      {
        "text": "honda civic",
        "meta": "@sys.any",
        "alias": "CarName",
        "userDefined": false
      }
    ],
    "isTemplate": false,
    "count": 0,
    "lang": "en",
    "updated": 0
  }
]