[
  {
    "id": "b360ea7e-0b48-4df1-804e-858ff7dfd400",
    "data": [
      {
        "text": "go to zero",
        "userDefined": false
      }
    ],
    "isTemplate": false,
    "count": 0,
    "lang": "en",
    "updated": 0
  },
  {
    "id": "86a9543a-d479-4116-b13f-610d65285598",
    "data": [
      {
        "text": "go to ",
        "userDefined": false
      },
      {
        "text": "0",
        "userDefined": false
      }
    ],
    "isTemplate": false,
    "count": 0,
    "lang": "en",
    "updated": 0
  },
  {
    "id": "cae65b51-5c91-4216-86ff-015b70c8ca30",
    "data": [
      {
        "text": "start over (go to zero)",
        "userDefined": false
      }
    ],
    "isTemplate": false,
    "count": 0,
    "lang": "en",
    "updated": 0
  },
  {
    "id": "cb2ad648-c69b-4838-87c0-5c4b674a667e",
    "data": [
      {
        "text": "start over (go to ",
        "userDefined": false
      },
      {
        "text": "0",
        "userDefined": false
      },
      {
        "text": ")",
        "userDefined": false
      }
    ],
    "isTemplate": false,
    "count": 0,
    "lang": "en",
    "updated": 0
  },
  {
    "id": "7b958b42-c795-4e26-b5d1-cbbcb60aeabe",
    "data": [
      {
        "text": "start over",
        "userDefined": false
      }
    ],
    "isTemplate": false,
    "count": 0,
    "lang": "en",
    "updated": 0
  }
]