[
  {
    "id": "2fefb763-90da-4652-bf1c-b8e5b71a6465",
    "data": [
      {
        "text": "done",
        "userDefined": false
      }
    ],
    "isTemplate": false,
    "count": 0,
    "lang": "en",
    "updated": 0
  },
  {
    "id": "73ab24b7-235e-417f-8142-2098967a5c63",
    "data": [
      {
        "text": "finish",
        "userDefined": false
      }
    ],
    "isTemplate": false,
    "count": 0,
    "lang": "en",
    "updated": 0
  },
  {
    "id": "00f899f7-1028-4341-9dd7-851950fc31fa",
    "data": [
      {
        "text": "payment completed",
        "userDefined": false
      }
    ],
    "isTemplate": false,
    "count": 0,
    "lang": "en",
    "updated": 0
  }
]